17;1;ACTIBIO;description;description courte;ACTIBIO;Fournisseur du Drive de Jérôme;https://bocodrive.fr/img/drive/epices-en-bocaux.jpg
150;1;ALELOR;description;description courte;ALELOR;Fournisseur du Drive de Jérôme;https://bocodrive.fr/img/drive/epices-en-bocaux.jpg
197;1;Artzenco;description;description courte;Artzenco;Fournisseur du Drive de Jérôme;https://bocodrive.fr/img/drive/epices-en-bocaux.jpg
188;1;binys biscuits;description;description courte;binys biscuits;Fournisseur du Drive de Jérôme;https://bocodrive.fr/img/drive/epices-en-bocaux.jpg
158;1;BON-O-BIO;description;description courte;BON-O-BIO;Fournisseur du Drive de Jérôme;https://bocodrive.fr/img/drive/epices-en-bocaux.jpg
191;1;Boulangerie Cézamie;description;description courte;Boulangerie Cézamie;Fournisseur du Drive de Jérôme;https://bocodrive.fr/img/drive/epices-en-bocaux.jpg
154;1;CAFES T'HEIM;description;description courte;CAFES T'HEIM;Fournisseur du Drive de Jérôme;https://bocodrive.fr/img/drive/epices-en-bocaux.jpg
193;1;Casa Del Mas;description;description courte;Casa Del Mas;Fournisseur du Drive de Jérôme;https://bocodrive.fr/img/drive/epices-en-bocaux.jpg
175;1;CHEZ NATH & PAT;description;description courte;CHEZ NATH & PAT;Fournisseur du Drive de Jérôme;https://bocodrive.fr/img/drive/epices-en-bocaux.jpg
22;1;EKIBIO;description;description courte;EKIBIO;Fournisseur du Drive de Jérôme;https://bocodrive.fr/img/drive/epices-en-bocaux.jpg
113;1;ENDRO;description;description courte;ENDRO;Fournisseur du Drive de Jérôme;https://bocodrive.fr/img/drive/epices-en-bocaux.jpg
198;1;Escurette;description;description courte;Escurette;Fournisseur du Drive de Jérôme;https://bocodrive.fr/img/drive/epices-en-bocaux.jpg
199;1;Ferme ALTENBACH;description;description courte;Ferme ALTENBACH;Fournisseur du Drive de Jérôme;https://bocodrive.fr/img/drive/epices-en-bocaux.jpg
145;1;FERME BELAIR;description;description courte;FERME BELAIR;Fournisseur du Drive de Jérôme;https://bocodrive.fr/img/drive/epices-en-bocaux.jpg
143;1;FERME DE CHASSAGNE;description;description courte;FERME DE CHASSAGNE;Fournisseur du Drive de Jérôme;https://bocodrive.fr/img/drive/epices-en-bocaux.jpg
187;1;FERME DES DAHLIAS;description;description courte;FERME DES DAHLIAS;Fournisseur du Drive de Jérôme;https://bocodrive.fr/img/drive/epices-en-bocaux.jpg
194;1;Ferme du Rothenbach;description;description courte;Ferme du Rothenbach;Fournisseur du Drive de Jérôme;https://bocodrive.fr/img/drive/epices-en-bocaux.jpg
186;1;FERME FISCHER;description;description courte;FERME FISCHER;Fournisseur du Drive de Jérôme;https://bocodrive.fr/img/drive/epices-en-bocaux.jpg
201;1;Ferme Rothgerber;description;description courte;Ferme Rothgerber;Fournisseur du Drive de Jérôme;https://bocodrive.fr/img/drive/epices-en-bocaux.jpg
136;1;FERME SUR LE MONT;description;description courte;FERME SUR LE MONT;Fournisseur du Drive de Jérôme;https://bocodrive.fr/img/drive/epices-en-bocaux.jpg
144;1;FERME UHL;description;description courte;FERME UHL;Fournisseur du Drive de Jérôme;https://bocodrive.fr/img/drive/epices-en-bocaux.jpg
180;1;HAPPY WRAPS;description;description courte;HAPPY WRAPS;Fournisseur du Drive de Jérôme;https://bocodrive.fr/img/drive/epices-en-bocaux.jpg
207;1;jean Bouteille;Contribuer à l’émergence d’une société zéro-déchet : telle est la vision de Jean Bouteille, qui associe la vente en vrac de liquides à la bouteille réutilisable et consignée pour permettre aux consommateurs d’acheter des produits liquides sans générer de déchets !;Contribuer à l’émergence d’une société zéro-déchet;jean Bouteille;;https://bocodrive.fr/img/drive/epices-en-bocaux.jpg
173;1;L'ESPERLUETE;description;description courte;L'ESPERLUETE;Fournisseur du Drive de Jérôme;https://bocodrive.fr/img/drive/epices-en-bocaux.jpg
190;1;L'Herbier des Montagnes;description;description courte;L'Herbier des Montagnes;Fournisseur du Drive de Jérôme;https://bocodrive.fr/img/drive/epices-en-bocaux.jpg
141;1;LA CABANE A FARINE;description;description courte;LA CABANE A FARINE;Fournisseur du Drive de Jérôme;https://bocodrive.fr/img/drive/epices-en-bocaux.jpg
135;1;LA FERME DU PRE DU BOIS;description;description courte;LA FERME DU PRE DU BOIS;Fournisseur du Drive de Jérôme;https://bocodrive.fr/img/drive/epices-en-bocaux.jpg
195;1;La Mie Lucius;description;description courte;La Mie Lucius;Fournisseur du Drive de Jérôme;https://bocodrive.fr/img/drive/epices-en-bocaux.jpg
157;1;LA NOUGATERIE DE RIQUEWIHR;description;description courte;LA NOUGATERIE DE RIQUEWIHR;Fournisseur du Drive de Jérôme;https://bocodrive.fr/img/drive/epices-en-bocaux.jpg
18;1;LAZZARETTI;description;description courte;LAZZARETTI;Fournisseur du Drive de Jérôme;https://bocodrive.fr/img/drive/epices-en-bocaux.jpg
189;1;Les ateliers du fait maison;description;description courte;Les ateliers du fait maison;Fournisseur du Drive de Jérôme;https://bocodrive.fr/img/drive/epices-en-bocaux.jpg
159;1;LES CONFITURES DU VIGNOBLE;description;description courte;LES CONFITURES DU VIGNOBLE;Fournisseur du Drive de Jérôme;https://bocodrive.fr/img/drive/epices-en-bocaux.jpg
200;1;les Délices d'Eve "À fleur de goût" !;description;description courte;les Délices d'Eve "À fleur de goût" !;Fournisseur du Drive de Jérôme;https://bocodrive.fr/img/drive/epices-en-bocaux.jpg
156;1;LES JARDINS DE GAÏA;description;description courte;LES JARDINS DE GAÏA;Fournisseur du Drive de Jérôme;https://bocodrive.fr/img/drive/epices-en-bocaux.jpg
177;1;LES SAVONS DU BON SENS;description;description courte;LES SAVONS DU BON SENS;Fournisseur du Drive de Jérôme;https://bocodrive.fr/img/drive/epices-en-bocaux.jpg
203;1;Lucart;description;description courte;Lucart;Fournisseur du Drive de Jérôme;https://bocodrive.fr/img/drive/epices-en-bocaux.jpg
171;1;METEOR;description;description courte;METEOR;Fournisseur du Drive de Jérôme;https://bocodrive.fr/img/drive/epices-en-bocaux.jpg
166;1;MOI MOCHE ET BON;description;description courte;MOI MOCHE ET BON;Fournisseur du Drive de Jérôme;https://bocodrive.fr/img/drive/epices-en-bocaux.jpg
24;1;MOULIN DES MOINES;description;description courte;MOULIN DES MOINES;Fournisseur du Drive de Jérôme;https://bocodrive.fr/img/drive/epices-en-bocaux.jpg
153;1;Moulin HERZOG;description;description courte;Moulin HERZOG;Fournisseur du Drive de Jérôme;https://bocodrive.fr/img/drive/epices-en-bocaux.jpg
205;1;Noiseraie;UNE HISTOIRE DE FAMILLE ET LA PASSION DU GOÛT.Garants de notre savoir-faire artisanal, nos procédés de fabrication sont quant à eux empruntés aux chocolatiers pâtissiers. Après un pré-broyage, les fruits secs sont cuits au poêlon puis refroidis par un ratissage manuel et régulier du praliné cuit, avant d’être enfin brassés à basse température dans une conche avec l’ensemble des ingrédients pendant une période allant de 17 à 24 heures. Parfaitement maîtrisés, ces procédés traditionnels donnent à nos pâtes à tartiner leur texture lisse et onctueuse, restituant harmonieusement le goût des fruits secs torréfiés tout en exaltant leur arôme.;UNE HISTOIRE DE FAMILLE ET LA PASSION DU GOÛT.Garants de notre savoir-faire artisanal, nos procédés de fabrication sont quant à eux empruntés aux chocolatiers pâtissiers.;Noiseraie;;https://bocodrive.fr/img/drive/epices-en-bocaux.jpg
202;1;Passport Tea;description;description courte;Passport Tea;Fournisseur du Drive de Jérôme;https://bocodrive.fr/img/drive/epices-en-bocaux.jpg
43;1;PICKSEL;description;description courte;PICKSEL;Fournisseur du Drive de Jérôme;https://bocodrive.fr/img/drive/epices-en-bocaux.jpg
196;1;Rucher du Florival;description;description courte;Rucher du Florival;Fournisseur du Drive de Jérôme;https://bocodrive.fr/img/drive/epices-en-bocaux.jpg
152;1;SALINES DE GUERANDE;description;description courte;SALINES DE GUERANDE;Fournisseur du Drive de Jérôme;https://bocodrive.fr/img/drive/epices-en-bocaux.jpg
192;1;Savonnerie Scala;description;description courte;Savonnerie Scala;Fournisseur du Drive de Jérôme;https://bocodrive.fr/img/drive/epices-en-bocaux.jpg
206;1;Teo & Bia;Teo & Bia est une entreprise artisanale basée dans une petite vallée de San Salvatore Monferrato, Nord de l'Italie. On y créé des produits délicats assemblant des ingrédients gourmands, cultivés dans le respect de l’environnement et du consommateur. Alors, vous ne trouverez ni lait, ni lécithine de soja, ni gluten, mais uniquement une sélection avisée d'ingrédients bio !;Teo & Bia est une entreprise artisanale basée dans une petite vallée de San Salvatore Monferrato, Nord de l'Italie.;Teo & Bia;;https://bocodrive.fr/img/drive/epices-en-bocaux.jpg
149;1;TERRA MADRE;description;description courte;TERRA MADRE;Fournisseur du Drive de Jérôme;https://bocodrive.fr/img/drive/epices-en-bocaux.jpg
20;1;VIVIEN PAILLE;description;description courte;VIVIEN PAILLE;Fournisseur du Drive de Jérôme;https://bocodrive.fr/img/drive/epices-en-bocaux.jpg
151;1;VOSG'BOCAUX;description;description courte;VOSG'BOCAUX;Fournisseur du Drive de Jérôme;https://bocodrive.fr/img/drive/epices-en-bocaux.jpg
